{
    "AuthKey": "dinesh-auth-key",
    "User": {
        "UserKey": "dinessh-user-key",
        "UserName": "Dinesh",
        "UserEmail": "dinesh@alitasys.com",
        "UserType": "CUSTOMER",
        "UserRole": "SUPER-ADMIN"
    },
    "Merchant": {
        "MerchantKey": "alita-merchant-key",
        "MerchantName": "Alita",
        "MerchantLogoURL": "https://assets.alitasys.com/logo/merchant/{merchant-key}"
    },
    "Tenant": [
        {
            "TenantKey": "penske-tenant-key",
            "TenantName": "Penske",
            "TenantLogoURL": "https://assets.alitasys.com/logo/tenant/{tenant-key}"
        },
        {
            "TenantKey": "ryder-tenant-key",
            "TenantName": "Ryder",
            "TenantLogoURL": "https://assets.alitasys.com/logo/tenant/{tenant-key}"
        }
    ],
    "InstanceSettings": {
        "EnvironmentName": "DEV"
    },
    "ThemeSetting": {
        "ThemeName": "Default Theme",
        "FontFamily": "calibri",
        "FontSize": "14px",
        "AppPrimaryColor": "#1f1044",
        "TopbarBackgroundColor": "#1f1044",
        "TopbarFontColor": "White",
        "SidebarBackgroundColor": "whitesmoke",
        "SidebarFontColor": "Black",
        "BodyBackgroundColor": "White",
        "BodyFontColor": "Black",
        "FooterBackgroundColor": "Whitesmoke",
        "FooterFontColor": "Black"
    },
    "SidebarSettings": {
        "Dashboard": {
            "MenuDisplayName": "Boards",
            "IsMenuEnabled": true,
            "SubMenus": null
        },
        "User": {
            "MenuDisplayName": "Users",
            "IsMenuEnabled": true,
            "SubMenus": {
                "Create User": {
                    "MenuDisplayName": "Create User",
                    "IsMenuEnabled": true
                },
                "Delete User": {
                    "MenuDisplayName": "Delete User",
                    "IsMenuEnabled": true
                }
            }
        },
        "Settings": {
            "MenuDisplayName": "Settings",
            "IsMenuEnabled": true,
            "SubMenus": null
        }
    },
    "LocaleSettings": {
        "DisplayDateFormat": "MM/DD/YYYY hh:mm:ss",
        "DisplayTimeZone": "America/New_York",
        "StoredDateFormat": "yyyy-MM-DDTHH:mm:ss",
        "StoredTimeZone": "America/New_York",
        "DateFieldFormat": "m/d/Y",
        "TimeFieldFormat": "H:i:ss K",
        "StoredCurrencyFormat": "USD",
        "DisplayCurrencyFormat": "USD",
        "DisplayLanguage": "en"
    }
}