{
    "SesssionKey": "SESSSION-KEY",
    "AppInfo": {
        "ApplicationKey": "APP-KEY",
        "ApplicationInstanceKey": "APP-INSTANCE-KEY",
        "ApplicationName": "DMS"
    },
    "UserInfo": {
        "UserKey": "USER-KEY",
        "UserName": "Dinesh"
    },
    "DeviceInfo": {
        "DeviceOS": "Windows",
        "DeviceType": "Laptop",
        "IpAddress": "IP-ADDRESS",
        "MacAddress": "MAC-ADDRESS",
        "DeviceLocation": "DEVICE-LOCATION",
        "DeviceLatitude": "",
        "DeviceLongitude": ""
    },
    "SesssionStartTime": "23/12/2022 15:51 AM",
    "SessionEndTime": "23/12/2022 16:10 AM"
}