{
    "SessionKey": "SESSSION-KEY",
    "LayerInfo": {
        "LayerName": "BaseWebClient",
        "LayerHost": "dev1.alitasys.com",
        "LayerPort": "443"
    },
    "MerchantInfo": {
        "MerchantKey": "MERCHANT-KEY",
        "MerchantName": "Alita"
    },
    "TenantInfo": {
        "TenantKey": "MERCHANT-KEY",
        "TenantName": "Alita"
    },
    "UserInfo": {
        "UserKey": "USER-KEY",
        "UserName": "Dinesh"
    },
    "PageID": "base.web.page.user.001",
    "PageName": "List User",
    "PageRoute": "/users",
    "PageEnteredTime": "",
    "PageSpentTime": "00:21",
    "PageLeftTime": "",
    "CreatedTime": "23/12/2022 15:53 AM",
    "IsArchived": false,
    "ArchivedUserKey": null,
    "ArchivedBy": null,
    "ArchivedTime": null
}