[
    {
        "UserID" : 1,
        "UserName" : "Dinesh",
        "UserRole" : "Architect",
        "UserStatus" : "NEW",
        "UserAddress" : "Madurai, Tamilnadu, India",
        "UserEmail" : "dinesh@gove.co",
        "UserOrganization" : "Gove Enterprises",
        "CreatedTime" : "07 Nov, 2022"
    },
    {
        "UserID" : 2,
        "UserName" : "Karthick",
        "UserRole" : "Development Manager",
        "UserStatus" : "INPROGRESS",
        "UserAddress" : "Madurai, Tamilnadu, India",
        "UserEmail" : "karthick@gove.co",
        "UserOrganization" : "Gove Enterprises",
        "CreatedTime" : "07 Nov, 2022"
    },
    {
        "UserID" : 3,
        "UserName" : "Harish",
        "UserRole" : "Product Manager",
        "UserStatus" : "ERROR",
        "UserAddress" : "Madurai, Tamilnadu, India",
        "UserEmail" : "harish@gove.co",
        "UserOrganization" : "Gove Enterprises",
        "CreatedTime" : "07 Nov, 2022"
    },
    {
        "UserID" : 4,
        "UserName" : "Sarath",
        "UserRole" : "CEO",
        "UserStatus" : "NEW",
        "UserAddress" : "Dallas, Texas, USA",
        "UserEmail" : "sarath@gove.co",
        "UserOrganization" : "Gove Enterprises",
        "CreatedTime" : "07 Nov, 2022"
    },
    {
        "UserID" : 5,
        "UserName" : "Petchimuthu",
        "UserRole" : "Delivery Head",
        "UserStatus" : "NEW",
        "UserAddress" : "Dallas, Texas, USA",
        "UserEmail" : "petchi@gove.co",
        "UserOrganization" : "Gove Enterprises",
        "CreatedTime" : "07 Nov, 2022"
    }
]