{
    "base.web.feature.users": {
        "base.web.feature.users.createuser": {
            "featureID": 1.1,
            "isFeatureActive": true,
            "featureURL": "/users/createuser"
        },
        "base.web.feature.users.listusers": {
            "featureID": 1.2,
            "isFeatureActive": true,
            "featureURL": null
        },
        "base.web.feature.users.searchusers": {
            "featureID": 1.3,
            "isFeatureActive": true,
            "featureURL": null
        }
    }
}